{"cameraMode":{"drawMode":0,"name":"Shaded","section":"Shading Mode"},"sceneLighting":true,"audioPlay":false,"sceneViewState":{"showFog":true,"showMaterialUpdate":false,"showSkybox":true,"showFlares":true,"showImageEffects":true,"showParticleSystems":true},"in2DMode":false,"pivot":{"x":6.828149795532227,"y":29.68975830078125,"z":-0.9449789524078369},"rotation":{"x":-0.29485800862312319,"y":0.6417801380157471,"z":-0.29379764199256899,"w":-0.6440962553024292},"size":24.938697814941408,"orthographic":false}