{"cameraMode":{"drawMode":0,"name":"Shaded","section":"Shading Mode"},"sceneLighting":true,"audioPlay":false,"sceneViewState":{"showFog":true,"showMaterialUpdate":false,"showSkybox":true,"showFlares":true,"showImageEffects":true,"showParticleSystems":true},"in2DMode":false,"pivot":{"x":0.015140652656555176,"y":-0.41200852394104006,"z":0.19628047943115235},"rotation":{"x":0.17873910069465638,"y":-0.08018752187490463,"z":0.014617127366364003,"w":0.9805144667625427},"size":11.245870590209961,"orthographic":false}